{
  "blaze-3" : {
    "transaction" : "blaze-3",
    "sampleCount" : 10,
    "errorCount" : 0,
    "errorPct" : 0.0,
    "meanResTime" : 455.9,
    "medianResTime" : 432.0,
    "minResTime" : 414.0,
    "maxResTime" : 558.0,
    "pct1ResTime" : 557.4,
    "pct2ResTime" : 558.0,
    "pct3ResTime" : 558.0,
    "throughput" : 3.0220610456331216,
    "receivedKBytesPerSec" : 7.710387390450287,
    "sentKBytesPerSec" : 2.785962526443034
  },
  "Total" : {
    "transaction" : "Total",
    "sampleCount" : 40,
    "errorCount" : 10,
    "errorPct" : 25.0,
    "meanResTime" : 448.64999999999986,
    "medianResTime" : 450.5,
    "minResTime" : 12.0,
    "maxResTime" : 1560.0,
    "pct1ResTime" : 765.0,
    "pct2ResTime" : 1539.1999999999987,
    "pct3ResTime" : 1560.0,
    "throughput" : 1.1238480557428636,
    "receivedKBytesPerSec" : 2.0584857552258935,
    "sentKBytesPerSec" : 0.7880106484603282
  },
  "blaze-1-13" : {
    "transaction" : "blaze-1-13",
    "sampleCount" : 10,
    "errorCount" : 10,
    "errorPct" : 100.0,
    "meanResTime" : 35.0,
    "medianResTime" : 14.0,
    "minResTime" : 12.0,
    "maxResTime" : 141.0,
    "pct1ResTime" : 137.10000000000002,
    "pct2ResTime" : 141.0,
    "pct3ResTime" : 141.0,
    "throughput" : 2.4764735017335315,
    "receivedKBytesPerSec" : 0.30714075656265477,
    "sentKBytesPerSec" : 0.8005007119861317
  },
  "blaze-1-14" : {
    "transaction" : "blaze-1-14",
    "sampleCount" : 10,
    "errorCount" : 0,
    "errorPct" : 0.0,
    "meanResTime" : 851.9,
    "medianResTime" : 641.0,
    "minResTime" : 516.0,
    "maxResTime" : 1560.0,
    "pct1ResTime" : 1559.5,
    "pct2ResTime" : 1560.0,
    "pct3ResTime" : 1560.0,
    "throughput" : 2.239140170174653,
    "receivedKBytesPerSec" : 5.084422581728616,
    "sentKBytesPerSec" : 1.5503421686072547
  },
  "blaze-2" : {
    "transaction" : "blaze-2",
    "sampleCount" : 10,
    "errorCount" : 0,
    "errorPct" : 0.0,
    "meanResTime" : 452.0,
    "medianResTime" : 459.0,
    "minResTime" : 393.0,
    "maxResTime" : 499.0,
    "pct1ResTime" : 497.9,
    "pct2ResTime" : 499.0,
    "pct3ResTime" : 499.0,
    "throughput" : 3.0120481927710845,
    "receivedKBytesPerSec" : 7.170086596385542,
    "sentKBytesPerSec" : 2.612010542168675
  },
  "blaze-1" : {
    "transaction" : "blaze-1",
    "sampleCount" : 20,
    "errorCount" : 10,
    "errorPct" : 50.0,
    "meanResTime" : 443.5,
    "medianResTime" : 328.5,
    "minResTime" : 12.0,
    "maxResTime" : 1560.0,
    "pct1ResTime" : 1523.4000000000005,
    "pct2ResTime" : 1559.75,
    "pct3ResTime" : 1560.0,
    "throughput" : 2.2089684117517123,
    "receivedKBytesPerSec" : 2.644937665672631,
    "sentKBytesPerSec" : 1.121741771592666
  },
  "blaze-2-15" : {
    "transaction" : "blaze-2-15",
    "sampleCount" : 10,
    "errorCount" : 0,
    "errorPct" : 0.0,
    "meanResTime" : 451.90000000000003,
    "medianResTime" : 459.0,
    "minResTime" : 393.0,
    "maxResTime" : 499.0,
    "pct1ResTime" : 497.9,
    "pct2ResTime" : 499.0,
    "pct3ResTime" : 499.0,
    "throughput" : 2.988643156007173,
    "receivedKBytesPerSec" : 7.11437163777645,
    "sentKBytesPerSec" : 2.59171398684997
  },
  "blaze-3-16" : {
    "transaction" : "blaze-3-16",
    "sampleCount" : 10,
    "errorCount" : 0,
    "errorPct" : 0.0,
    "meanResTime" : 455.79999999999995,
    "medianResTime" : 432.0,
    "minResTime" : 414.0,
    "maxResTime" : 558.0,
    "pct1ResTime" : 557.4,
    "pct2ResTime" : 558.0,
    "pct3ResTime" : 558.0,
    "throughput" : 3.0883261272390365,
    "receivedKBytesPerSec" : 7.8794539453366275,
    "sentKBytesPerSec" : 2.8470506485484868
  }
}